k,Overall_Recall,Overall_MRR,Explicit_Recall,Explicit_MRR,Explicit_N,Implicit_Recall,Implicit_MRR,Implicit_N
5,0.34,0.27416666666666667,0.68,0.5483333333333333,50,0.0,0.0,50
10,0.35,0.2754166666666667,0.7,0.5508333333333333,50,0.0,0.0,50
20,0.4,0.27919706171021963,0.76,0.55552331002331,50,0.04,0.0028708133971291866,50
