k,Overall_Recall,Overall_MRR,Explicit_Recall,Explicit_MRR,Explicit_N,Implicit_Recall,Implicit_MRR,Implicit_N
5,0.13,0.10283333333333333,0.24,0.18566666666666667,50,0.02,0.02,50
10,0.15,0.10519444444444445,0.28,0.1903888888888889,50,0.02,0.02,50
20,0.21,0.10934256429844665,0.4,0.19868512859689327,50,0.02,0.02,50
