k,Overall_Recall,Overall_MRR,Explicit_Recall,Explicit_MRR,Explicit_N,Implicit_Recall,Implicit_MRR,Implicit_N
20,0.35,0.26500432900432896,0.66,0.522008658008658,50,0.04,0.008,50
50,0.39,0.26612156853171887,0.74,0.5242431370634378,50,0.04,0.008,50
100,0.41,0.26636543577558613,0.76,0.5245288513491522,50,0.06,0.008202020202020202,50
200,0.46,0.2667655367186994,0.82,0.5249423541881153,50,0.1,0.008588719249283418,50
500,0.51,0.2669051625254968,0.84,0.5250239868411766,50,0.18,0.008786338209816946,50
1000,0.55,0.26695822021788157,0.86,0.5250514971575453,50,0.24,0.008864943278217935,50
