k,Overall_Recall,Overall_MRR,Explicit_Recall,Explicit_MRR,Explicit_N,Implicit_Recall,Implicit_MRR,Implicit_N
5,0.27,0.2303333333333333,0.54,0.4606666666666666,50,0.0,0.0,50
10,0.31,0.2359285714285714,0.6,0.4693571428571428,50,0.02,0.0025,50
20,0.34,0.23844022644022644,0.66,0.47438045288045283,50,0.02,0.0025,50
