k,Overall_Recall,Overall_MRR,Explicit_Recall,Explicit_MRR,Explicit_N,Implicit_Recall,Implicit_MRR,Implicit_N
5,0.17,0.13366666666666668,0.32,0.24733333333333335,50,0.02,0.02,50
10,0.21,0.13936111111111113,0.4,0.2587222222222222,50,0.02,0.02,50
20,0.27,0.14364374003189795,0.52,0.2672874800637959,50,0.02,0.02,50
