k,Overall_Recall,Overall_MRR,Explicit_Recall,Explicit_MRR,Explicit_N,Implicit_Recall,Implicit_MRR,Implicit_N
20,0.27,0.14364374003189795,0.52,0.2672874800637959,50,0.02,0.02,50
50,0.33,0.1453824386235377,0.58,0.2692393517215499,50,0.08,0.021525525525525523,50
100,0.37,0.14590930509712088,0.64,0.2700868991017059,50,0.1,0.02173171109253583,50
200,0.39,0.1460896158111191,0.68,0.2704475205297024,50,0.1,0.02173171109253583,50
500,0.42,0.14619200569193114,0.7,0.27050686771071125,50,0.14,0.021877143673151016,50
1000,0.53,0.14634256009442265,0.74,0.2705612959274837,50,0.32,0.022123824261361565,50
