k,Overall_Recall,Overall_MRR,Explicit_Recall,Explicit_MRR,Explicit_N,Implicit_Recall,Implicit_MRR,Implicit_N
5,0.3,0.2285,0.56,0.43300000000000005,50,0.04,0.024,50
10,0.34,0.2334166666666667,0.62,0.4403333333333333,50,0.06,0.0265,50
20,0.37,0.23516520467836258,0.66,0.44277777777777777,50,0.08,0.027552631578947367,50
