k,Overall_Recall,Overall_MRR,Explicit_Recall,Explicit_MRR,Explicit_N,Implicit_Recall,Implicit_MRR,Implicit_N
5,0.24,0.19033333333333335,0.46,0.374,50,0.02,0.006666666666666666,50
10,0.3,0.19912301587301587,0.56,0.389079365079365,50,0.04,0.009166666666666667,50
20,0.34,0.20203028404344195,0.62,0.39384126984126977,50,0.06,0.010219298245614034,50
